timestamp,accX,accY,accZ,temperature,humidity
8000,-14524.368664840558,8780.215483210599,23623.75931876118,55.30564171885331,18.456735855293314
8010,-12554.692412427186,7960.05926041003,24129.40342689331,58.888704634908024,9.879745339076562
8020,-15374.465191366133,8761.425259590349,27147.64472883277,57.31041247759343,16.426673284504094
8030,-14057.83430984277,10862.46693997241,23225.432440337074,57.716713011150134,19.780095568892804
8040,-16315.200755277314,9522.722585802563,20234.611973261482,54.655006887514155,23.09892431402274
8050,-16387.68360277931,7963.3490930487915,24335.561655062058,67.69035760825156,18.296846838119894
8060,-12620.599972625208,13029.914416369822,27715.089976854473,54.24147320445127,27.89818942916662
8070,-14960.489160313713,11076.981447838625,23481.587906802317,64.52269152145223,21.898356535779854
8080,-16971.509280293423,9508.324834379535,24563.23663134265,64.04303133633871,28.316477120911337
8090,-14915.59550367848,11102.294704103753,23515.459750211216,48.92310923644973,21.481677730951482
8100,-14554.967236369128,10687.674127528528,21256.300842287317,47.456431589854105,22.53251916049777
8110,-16766.112682590494,13581.80897733663,23449.917327999414,51.38333393199859,28.604881940265063
8120,-17918.92063195601,10113.398966755352,25742.166300956218,51.2362082688846,21.454315259814443
8130,-18387.086884613804,8872.272546590231,26123.30312076044,53.15775289755199,23.090368271384797
8140,-16235.850074419777,12817.492963893093,24997.94022023611,56.13318268276918,18.262953499707148
8150,-16009.466013180761,11223.010226897086,24384.781460780876,50.10124518951415,7.116830892785153
8160,-14172.803799043888,7548.755535495386,26007.648297513922,56.641318054060726,18.224393760595813
8170,-13800.16868494279,9021.204033304812,26701.148442549344,56.51586467839394,24.33661562751213
8180,-14818.144023764706,10428.693155498779,26559.24289707225,61.687135895066675,24.41620661723511
8190,-17551.014916728378,9297.741214340542,24947.185685235094,56.42584913555915,17.964039316395162
8200,-15451.066805917606,13438.570735877709,27236.613563589675,47.4149543296874,22.353450414687245
8210,-15860.454204295958,12322.422462092622,23306.600985717803,43.89846152382236,22.950071857675503
8220,-15542.203673494167,11360.350296950599,23491.06301031618,52.22488538026214,25.18054715744077
8230,-15457.780424553504,8307.220834270833,28662.262879638176,62.90220850600954,23.43187322548444
8240,-15520.509473058786,9681.997084310618,23082.712651694557,56.508771125502136,17.067085534200064
8250,-17232.8110287523,11446.150913676955,25016.035031311472,55.05613269195602,15.253219925954879
8260,-15229.23968419959,9898.629529426125,22811.98488974603,57.97734266612901,26.379478051186034
8270,-15513.726919170655,8209.877276395071,27858.318828382442,50.786827659263835,11.159205636397004
8280,-14732.97260297674,9533.258613634185,24920.46328368882,53.302961787012975,15.352095382759092
8290,-13802.344618448498,8163.112824572503,23356.350021481034,52.25280459303613,21.04922171010414
8300,-15711.922517694988,9812.192731546826,26055.257149786714,54.726800453170796,21.817658774107397
8310,-11476.071359055139,7747.42386684706,22660.95188887027,51.69575529650997,12.008304647503948
8320,-15162.693707592898,6250.0238342259345,29155.754746404502,53.908637032426135,19.112776281887747
8330,-15018.328543704953,9845.096019880877,23748.21635991494,47.852504877189325,10.543088218434276
8340,-14768.144448800887,11273.117101385407,28927.540270546015,63.26084924960982,18.08347069737462
8350,-17151.326614952053,8646.952962127456,23758.466638367983,56.09701541381021,19.65297709930803
8360,-12491.920273635766,11253.831630859973,22661.33542740743,52.78538883525838,22.979478909888762
8370,-11099.379716267342,12673.529664876822,21568.20767030991,55.63025895074085,20.32709876711803
8380,-16891.325539398473,9258.917897246407,26715.994449296282,54.13295359684391,22.54272270295291
8390,-14145.42211054406,11116.826890434164,31026.025843683605,62.25988812347876,19.89373485514451
8400,-16364.995216549994,14883.583214833787,21396.878919157727,56.23935108769501,19.81236094306791
8410,-11103.654532721066,7307.812709655958,28092.1586541651,45.19055374420185,19.784451147190538
8420,-12679.127952925359,11641.259452387825,23103.85048716684,59.043683431153326,28.49276313590514
8430,-16670.79832473383,9229.898723102624,29308.889180545957,56.273928570582456,25.4928735721722
8440,-18514.40760869947,10806.34687328309,21929.19176993191,49.80988714856941,19.375774070263756
8450,-12669.022491918131,8891.801172671689,27451.57008768115,52.74369520059212,14.47652184080655
8460,-11399.700494150244,9923.151899198894,24941.250659401438,60.74510965627036,10.405154590775062
8470,-13584.747688185882,8505.550107091323,25410.36616039474,50.68120225167388,30.305138677987905
8480,-13626.22491095779,9380.324878956018,24213.98535533993,52.62648677063176,18.573346281070258
8490,-17192.910494822343,8381.172036869573,25618.363689686244,60.54587661166386,10.733807924730458
8500,-15060.796804265376,9160.447532016213,27310.544520230473,56.11685971086402,15.058541950462565
8510,-17464.975618222637,10150.001613223156,24727.90518186573,54.73887114983837,24.003635277593094
8520,-15123.902382222646,9534.721451225421,25280.281330353613,61.26017392378882,15.156594238755908
8530,-14129.739491132183,9722.038255726198,24841.975976166206,59.616984410513595,26.5942848553391
8540,-15042.200035171332,8855.260490122182,23467.777882299764,45.944223674861796,26.72824423078444
8550,-15328.625024345969,9725.205163894758,23026.341165588456,55.689442950158096,23.35757751649963
8560,-16331.214835218554,10729.910775868395,25160.89399993051,55.10787548122881,24.644326239223297
8570,-13952.576282394333,10538.041754621243,20748.936313341626,59.73103716855029,8.857491117684939
8580,-14720.350622726935,10034.867545529933,24273.787317999362,62.46046755422938,16.891736266965708
8590,-14649.439738107505,5803.75613079383,24519.448406235388,51.83544878285297,21.11740944474319
8600,-14261.487551621045,10883.344906866096,25817.329191188208,59.371903607589545,22.351251644353074
8610,-13347.929193834418,10173.046755167137,21958.104389751992,52.57144639505025,24.143904884614543
8620,-17609.83656851068,7726.416364399766,25232.025049283067,51.402723497271396,23.97821175410938
8630,-18614.153002128543,6708.789057006687,24232.566053198574,56.263111661756675,19.352079776831914
8640,-16778.71368285494,11780.569529728271,28795.602099834483,54.607710682622844,19.790351725827616
8650,-18997.927472120307,10591.293273006158,23191.247406097027,61.433372215125765,22.494585273673614
8660,-14598.933615346277,6463.205553720842,27538.13613019303,54.052605799711515,20.528792276868266
8670,-16652.46165525399,10088.742475077499,26417.00509418133,51.97715655481862,21.17643998353865
8680,-15369.282531302068,7774.888888408369,25161.2383752965,50.971511172546435,22.990959526538138
8690,-18018.747887269696,5407.841877464099,24187.384850383285,55.31784354936176,26.93881496092922
8700,-13901.5565841697,13181.616482739937,25932.355341983257,58.28735298898101,15.774931605340157
8710,-9992.183942679501,12954.43778274546,26381.25141141924,56.34538266732267,17.556423799352682
8720,-18437.789115264568,6459.3475832691165,25434.545248572504,52.22653821884999,19.614360516334585
8730,-11892.533106009687,7476.0140808485885,22739.507019880162,47.05064217148194,29.188857118944515
8740,-17314.339891470416,13847.587181122199,24542.576701881746,56.4516764334863,18.86223527388802
8750,-16303.05506847859,13069.550712956272,26306.39970316451,60.37003423322328,22.42402866575199
8760,-14127.079787381022,8944.188433885185,24911.812698294914,59.40229583585802,19.14399042618364
8770,-14150.058640113124,10609.633028051921,24829.7891467505,55.847301324038845,24.013078304423953
8780,-11683.616630664335,7919.104051374552,22722.6520041493,59.68974413270457,21.585656240780757
8790,-12919.019798236503,10776.107891321868,24900.68190134095,64.14650885133926,19.819059550562987
8800,-12343.49859143815,10826.44540206473,22785.440890268113,55.6281247422914,23.304371311975483
8810,-15207.064384033298,10697.330928608104,28532.942380891713,46.875608873458155,14.557351139816257
8820,-13041.510606367634,11077.64904922976,24445.06490923714,58.62547479101259,23.70408179441234
8830,-10930.568462227202,13582.943189605967,26878.233006496816,58.13546958095775,23.463900077059773
8840,-14513.951156246389,10294.530222676578,24564.23819526302,53.75935322568439,26.07166781934313
8850,-13232.645724885475,6932.177081465438,28812.384107043075,56.24608987986944,14.954833073740323
8860,-18152.184105942244,12226.148889037408,22424.34950461426,59.96601897205,14.652390282123832
8870,-14997.133491417933,13929.127110238696,21606.681825451386,55.06137224007362,17.026832343148314
8880,-9115.75855246741,13239.303661406406,27891.2761563737,54.93476932460474,22.151626280053748
8890,-15210.626995879331,9777.730448633409,24776.399014133684,56.61098634887192,25.88220454464761
8900,-18165.436567449327,8831.08093562535,24744.62214035619,55.82485859130063,16.969134376962526
8910,-17207.316444402775,8440.856060776025,24733.896085799202,55.199451525960384,29.87196299962652
8920,-14767.28425216691,9404.043650389081,28674.20819980277,57.84039288106097,16.479502128644178
8930,-13073.587201154007,8756.610120477977,24040.902424234355,56.432593753546584,27.501819393093786
8940,-13987.014601995426,10966.516297579943,28056.753134909926,62.971561674279414,19.78427029562564
8950,-14978.045818588744,7780.365518641198,24379.383243520857,53.571857213747634,25.011247364144907
8960,-14080.261558543096,11111.465036793306,24687.906797590884,51.13992666816414,20.78997851427906
8970,-16664.28047684017,9355.466580581671,27391.232673170853,53.55121037007691,15.629003005547787
8980,-16749.54214405961,11176.729137527287,28568.71639103869,65.21730583967488,18.310622740087354
8990,-15355.062719240477,9766.544456802816,23002.202840646503,67.80687845466865,20.35165004095908
9000,-18092.42457263961,7655.551360437739,23349.508674317363,49.15624519885121,18.168189803198906
9010,-14023.938037309872,10728.836926834043,25159.970250438928,50.48519980000428,13.433126144361571
9020,-14580.448134839611,11720.545909642326,24327.381404579708,48.51378527445536,16.659459534915506
9030,-15217.242548025108,9295.091501404908,23979.743497822725,50.523042471558,22.78101461339055
9040,-16417.583888886926,12980.040201092901,23964.947521637696,45.34568299171978,18.452129121240322
9050,-16414.085894862557,6746.3681464908805,20482.838719820502,45.345357185784145,11.949239073096166
9060,-18969.591023502693,10318.851258887322,24150.68319199692,51.17335155123297,25.74918732242679
9070,-18305.656795604704,9867.573192060958,21043.27168701683,56.277136052397154,25.22921655517146
9080,-15514.585532547979,10337.85193473442,25009.559734880673,51.01627516461552,17.723293685708516
9090,-14440.31830426093,12659.111000151644,23827.601909189634,51.6143062034179,18.802733579637536
9100,-14179.74199742708,12203.028295377337,26622.684247795012,47.81656675745731,24.10863343116851
9110,-15794.54474419155,10488.022556332904,24481.819785831398,52.71941732425467,27.592834475477154
9120,-14024.117884478386,8805.767708231157,24856.408664422215,51.609338747112496,22.23744601324703
9130,-14842.053373107936,9960.362018784885,25686.370915946376,53.107077585062655,26.74699335421406
9140,-15809.074307467125,10544.761771175758,25219.600792541904,62.31577360236777,26.17265420580825
9150,-17029.91502357862,11230.394351184254,23970.034551327524,53.08378591267276,25.048833147879602
9160,-15879.482556707491,10192.539062070278,24976.28970969821,53.321239870966366,14.93068093588743
9170,-16882.12344145564,9134.212232915428,22603.85338944049,65.54490562339495,16.868550484456506
9180,-13285.602524803111,10064.854155075429,26917.185872365884,58.10183965643068,21.879487242545217
9190,-14068.631454148057,7638.4272548184035,24638.30144077144,57.402731124345785,18.064190534814944
9200,-12753.054148186317,12112.361035445463,28192.868763573788,53.090576801654386,19.271883065081894
9210,-15702.285751328767,10280.891973173082,22923.64908950031,53.30131925307248,29.29251035460099
9220,-13410.624297299762,12320.030086709543,26107.930588722615,54.83070764083226,18.53588112479855
9230,-15282.756383118869,11013.34589506266,24619.18104648248,58.45590460703262,17.829220518287933
9240,-17386.686458633918,9522.62150653004,23014.126765041157,58.46547377441656,23.104479097896384
9250,-12760.106661729624,13677.239023308557,27410.300758476886,55.17726143248584,10.129683184311421
9260,-16923.12254745422,8954.309304635688,23914.91464393839,50.88137787732384,22.36094401945507
9270,-12403.456602146161,11785.78275437378,25363.13433704604,55.245394575296885,20.676516075504928
9280,-12599.775730841233,8737.573965046493,24503.175615047876,51.77599212229882,21.446703355958828
9290,-18770.25923331993,9834.158813329548,24514.256294566767,53.27281190290027,22.57447119215493
9300,-15410.092886526341,9330.99470186561,26426.014320138118,58.53765445578974,18.690797944264673
9310,-13816.628553105862,9439.161777148727,26858.5617928163,56.86021702415955,25.812889673152455
9320,-13429.482909352639,9388.060083757071,23009.715356527708,48.48065553246822,27.391579000094055
9330,-16892.754050959447,8700.780093789052,24068.711252338788,47.58496097674386,24.706342667520197
9340,-14550.023923527888,10488.410341947876,24836.087852191613,55.23000523187437,8.892703432819077
9350,-19261.05328088787,3363.6563331965026,28126.199273201415,59.87739736796112,17.926236774143
9360,-15968.759577039737,9643.245949654089,25650.00069338361,62.481229561687954,18.292813943418192
9370,-11368.799671988301,11810.793352729455,25034.388386091337,56.86844375829606,13.543628643064284
9380,-13937.69678193103,7542.656004293903,23286.2942771202,52.82919390896703,27.256201667581927
9390,-14975.23471362348,8783.299365374176,26674.33666716886,57.731182571725576,15.98771073009804
9400,-15128.21320326304,11935.45264677209,26959.072497279914,68.12878701395256,23.026918385393838
9410,-15747.115382620697,7156.533041254612,24003.577740638586,60.105145308951236,17.881125902210744
9420,-18432.58252860939,10852.063665463806,23043.939440788774,62.463819969558685,25.937678969961983
9430,-14224.660930958042,9216.371332832,27261.351707539918,56.633388129072735,13.180374602376887
9440,-16891.20615114342,8827.316424815948,24038.003799527825,48.73808838781375,19.498488693312662
9450,-13858.667988139252,10713.771755373687,25305.526123218126,56.0139798079809,17.21174688050256
9460,-12976.437583302688,9112.034175538853,24746.916363471704,58.98890872812687,15.519695308960365
9470,-15135.143550675431,7630.8983260525965,23840.266887419675,56.99556429881588,15.818628330503444
9480,-18427.66642778577,10845.139723892988,26830.485153954283,57.666894110985126,14.488916587992403
9490,-14001.474528713397,11351.344972728306,24104.38169487001,52.20769513038942,19.959282248639532
9500,-14132.483115729921,11475.025794809855,26728.280166330085,55.77202296910565,14.48509071678894
9510,-15293.72229120931,9616.474845307022,25348.462928041317,58.988525238441795,17.384943801876886
9520,-13631.678867112338,7930.94702209603,25413.273659418504,57.16104311949026,15.363210621064948
9530,-15523.950653406131,12791.484254490519,27074.622386407013,63.43957795900121,19.947139075522287
9540,-14742.688413552649,9761.983276717427,24108.282452424104,62.59913181177379,22.34663542488774
9550,-14232.504746240771,10803.47494607079,26900.33402668902,51.517135989860165,26.942287509191374
9560,-14622.29367146091,10173.598941611994,23710.150096726284,48.36916213737122,20.072547484562293
9570,-13262.644411526484,12467.691810971475,25229.38981113171,51.91148484164725,13.263794163745692
9580,-14644.786884320056,9288.093349703362,24925.800226185227,52.19962985687752,20.086318008721978
9590,-16251.165099800286,10960.047221683799,23419.916347392747,57.914062619187135,19.758173315223
9600,-16954.94557093722,12248.467782986949,24772.10600264593,56.87163438624916,18.95404684595057
9610,-16618.764788999484,10997.152911157784,25401.30284854383,52.116256994826884,22.88386538962949
9620,-12694.499916372682,10466.072688270571,25633.42932418576,50.95629435656492,20.033835091668426
9630,-15302.990112202706,10811.24218546085,28291.9105904338,54.33014149999967,21.792104786665885
9640,-9626.581261958858,8886.285558059935,22955.971586624906,51.28204927979425,19.938002628367997
9650,-13766.225850914521,10311.63700212225,27158.043497163348,58.02922333509009,22.7093923320867
9660,-14040.876322905755,7224.104482572975,23334.211020465944,55.52082844788754,20.122746873554924
9670,-12926.707399593175,7080.530503381291,23036.586994306952,65.19447087757979,19.59067273778602
9680,-17076.36327528325,10705.371328473317,23682.131394906206,43.99386364428173,21.6986567552448
9690,-14366.647857231002,7912.931996354375,24305.646466883576,58.95818208377735,24.275856686867545
9700,-15285.010838235632,3817.9868470095644,28483.281275168363,58.03149764353747,9.237979106970446
9710,-19292.209172346233,12526.331637939855,26208.35007212777,48.41833473207572,21.570464842122814
9720,-14387.080510620128,10361.861398135998,28344.888345953812,49.447727157914336,15.571987443813704
9730,-14449.642248973583,6782.160655373682,25931.69455140887,50.825278652553365,23.04119580249135
9740,-17453.0752891092,8890.866914039585,27325.038052802764,44.55188736234068,19.38526010317114
9750,-17778.5646597463,10821.593742222301,24875.19232445221,51.666290502050884,19.9957798715936
9760,-13910.827813737294,10440.344760506474,25569.674079697164,52.17750150500543,20.31286825221528
9770,-19339.594530970797,11221.111564236739,25574.47358012094,53.93494374541528,16.9134067116222
9780,-18496.51433757635,10891.032707563481,25838.29343295926,53.83999736735802,25.39962672033863
9790,-14862.884327702657,10758.631837188188,24345.487364422876,56.75769314883568,31.57637969270264
9800,-13043.515031008068,8756.67603551141,25513.13927254538,55.29540160591808,18.649866085542904
9810,-11323.217095576549,7369.488782420574,25955.863605918752,50.15332907404048,19.988551344642406
9820,-15309.755932628224,6788.054681959915,23084.52177730959,56.8960502448663,24.618732571737837
9830,-16072.487680528258,12969.766769575052,23325.33470715273,54.26997016083952,20.52607313310203
9840,-14712.612770335505,8491.271983795592,25740.02870828047,50.32539124794971,20.278706856761552
9850,-18134.997765316853,11604.838747525006,23822.777209931948,55.26289153897213,20.65925774478817
9860,-14970.872852813782,14416.608802974592,23947.59722103941,49.740852327269806,15.246342221924984
9870,-19337.837549905602,8235.27082320097,26955.119424036122,53.27713342281522,27.685242744852104
9880,-16928.980997742936,7692.1278001516075,21249.438094425128,57.52005381553549,26.620261996219703
9890,-16929.284213992894,10108.696318632612,27167.702551492977,53.53455749669123,24.419058105440126
9900,-17929.475717664085,8705.469087315076,24856.259358118987,58.910957458050326,19.8354062213215
9910,-16286.255249006022,8695.635163449719,25343.023782122513,49.32109095883308,18.719019059086676
9920,-11161.258475977906,10163.484583326226,22662.33839838995,49.42842399569223,18.83263009392313
9930,-15241.728014158985,12696.693159744755,27169.208609937163,59.00320208515756,16.76094440432149
9940,-15292.180910173363,10999.36323488304,25413.45445562711,49.28726171350916,19.59977676474228
9950,-14365.818093611695,10216.704397812284,28687.313349485008,53.74827903710563,13.389690869064477
9960,-12709.135061167784,8262.864990963113,23701.71208722721,55.16376734364297,17.27612788544017
9970,-12215.302475110324,10706.535700326363,23608.295295919204,53.3389934090518,26.947472787801765
9980,-15404.078225485933,11519.42951293513,25613.068179853002,52.24554895543502,13.793611129219975
9990,-11799.667620612443,8039.81304626903,25302.950779634102,55.55798143890637,20.39354560724547
10000,-18824.21899324763,10504.562855502822,26860.2570011543,43.95615016740117,16.50550855463006
10010,-17091.410875200832,8917.154402586855,25509.696237222026,63.19494425514548,24.02990685641171
10020,-14573.643270320483,12563.146052971075,26220.16910241632,48.795758541190125,14.010985067825633
10030,-14745.975503919854,10337.293415987491,25767.720328444026,45.252741228849516,21.887940519327117
10040,-13779.702680258988,11358.785231405498,23966.98818298437,48.993802820122575,19.49787448740511
10050,-18050.06700856159,9123.13983803366,29354.223713586194,63.60277538964969,18.855594433428546
10060,-15023.813683567252,13572.990469010834,22487.35121358738,55.27859123017931,22.68844678029511
10070,-14926.220054789415,6989.952629091022,26163.32385975534,51.42854558915693,27.044207697705602
10080,-14747.085915376741,8268.564021344286,24515.886222962574,54.347581073690954,18.29592217850325
10090,-15786.291556305945,11796.692100423024,24585.106584372366,58.60448762440419,21.891858585578966
10100,-15945.90467888821,9421.338014653347,22515.500434002406,46.08721515063506,21.03774887339228
10110,-13115.777263737446,11459.111853771792,24481.900317012954,50.33769795278473,23.27703020579534
10120,-13915.94289321947,9917.040043230132,22816.312354770424,67.99300375881771,16.445730705897375
10130,-12367.62075371982,6856.153356387991,24972.160035873814,53.27447065996376,17.904554971823924
10140,-15848.397451179111,7764.807312630868,25021.95235888943,50.48859969457491,22.28215793399433
10150,-16184.514160743372,8658.104419344594,23664.068384918675,45.71361910266865,18.98472433135415
10160,-15919.121180508653,9654.684195431368,25513.50570799301,48.41365554162589,9.201412540361233
10170,-13932.853042130835,9367.178620535407,27132.031026348053,55.77660472656198,20.342613561193602
10180,-14866.49557839458,9285.222320690165,28003.673244184873,57.22968745962805,17.943224410514006
10190,-17923.586243731803,9567.237163312035,24588.38357922479,52.215991083941795,25.20884108595918
10200,-14045.567526877829,9542.618665907008,25178.86012614969,51.381023252426324,27.16613451956991
10210,-14133.905131395262,8560.067668871761,25276.272168910724,52.529484034143984,19.86574423301993
10220,-13497.67982272363,9166.569030042685,25333.11942992584,52.361781216888005,13.11889244664061
10230,-17727.543722825038,11482.081340198745,23060.794962225777,51.7058096686172,18.2191161878913
10240,-15294.578116689792,9117.578025485713,23426.343478521998,49.06726887387431,28.701888208887556
10250,-12468.621191106236,10708.427787411089,26168.68889673409,55.86855457630464,27.36023643189802
10260,-15972.365086153497,8202.415021630164,25307.308305161194,46.005076950382815,21.09237590645568
10270,-16993.573245652755,11707.586819512537,26875.20706105508,59.332578392794225,20.736692310177368
10280,-13469.814342850514,8319.75415715947,24931.33608961967,56.37274207346602,28.906325757461605
10290,-16207.964739874775,11517.34782247514,25536.202807754304,52.620619985761515,16.057344598073428
10300,-17683.96688718033,6128.945076928301,23329.336874860575,54.84441256657552,16.032208160457632
10310,-16257.665979345178,5582.63836786554,26111.70714438902,52.42301089605114,22.861079453111852
10320,-12062.5586888435,7932.822100412881,23450.440623153238,51.46667307094904,18.117949818196905
10330,-15016.987717530059,9390.108384225383,26327.778985285073,55.32900935876381,20.50983870165907
10340,-13890.251907323958,12493.360140227913,24196.275470474855,62.11238697313468,16.34477239155762
10350,-16524.612375938505,11472.86538256017,27047.33596873271,57.42828454607103,21.00932458688057
10360,-13233.721569569296,9758.206003353018,20198.190826473918,54.73202384361036,25.392505890685253
10370,-10993.914555107804,9454.31803859822,22558.36957410752,53.31297387336679,20.951871680545196
10380,-15587.49338789557,9113.671007339992,20901.496327817094,55.15590467595513,19.786145730629645
10390,-14008.976066153591,10443.256653474094,25060.187597591415,48.22952442907391,25.689302482324877
10400,-16934.587450249026,9274.829066638058,24727.793701992072,56.482688940100246,12.782106911279243
10410,-16316.69026588778,9786.350936498531,24553.258937970244,57.80447668024991,15.505395591554475
10420,-18486.195748616155,16503.74933250858,23672.07900630582,52.357172092801896,17.28740985083392
10430,-16127.834802847437,11386.68794595638,25764.00315721115,63.1325834714019,19.986833295654506
10440,-17029.63929110011,9041.184723520917,23480.630459257965,48.234794743192296,20.72436112140275
10450,-14714.269210859842,11904.10900502997,27110.25759984317,55.29702203365195,21.939840124983792
10460,-16143.880014019225,10141.815814093012,26540.506890796765,57.513905587283205,24.19319864982929
10470,-12908.05812619781,10111.385371119548,27091.691566156405,65.1272788980259,9.764871760411452
10480,-16222.38999966217,9583.246652948417,22417.04359984196,51.70569887959784,16.81134913977345
10490,-17893.240046909807,11618.15352616395,23001.963524176765,58.304321029040985,14.454818639815947
10500,-16004.967782646687,9325.575341405747,23952.879138949676,56.87695143661809,20.74928311237453
10510,-11753.964235524207,10162.780348481036,23170.445062087554,46.256475099869185,19.69541736131116
10520,-17027.00114864204,11003.586550892222,25843.034698197516,51.42211027169451,15.992402174977219
10530,-14180.346816620478,11322.505945831575,27793.551383862126,48.477805445793834,15.236078588913506
10540,-14989.717430033408,9862.012526423468,26297.171280952996,60.271544625758274,24.976401608627903
10550,-16650.717901941593,7319.557637021813,28094.914046219845,44.64721837395622,23.642812431937923
10560,-13054.421207741521,12208.269140805858,22610.196994131533,59.63605992740622,18.232985941479132
10570,-13103.752939068614,10037.177643664329,26855.59604484282,62.724778808301934,20.45821179441957
10580,-17325.38351352996,8663.486035657887,21304.1732319695,61.32420217023619,19.316943652786726
10590,-16447.069599435254,11687.834524579146,25700.24010459749,62.57327929702315,21.544574860747193
10600,-15367.949842628746,6918.964309883353,25713.6954113325,47.381188284422684,31.45147465780584
10610,-15655.220567677918,15820.071453740135,25549.151233941946,49.385742666781184,29.389721250864437
10620,-15689.729664979313,6785.077421363221,26462.6672839087,61.92087410179933,27.262928371157614
10630,-11497.98799203753,10980.53840050421,27594.255549824036,54.040282855284936,12.812103798484205
10640,-15083.33074558309,11573.185282075214,26238.08817860513,57.88991485320091,21.682528243295682
10650,-14077.918734719642,12122.161810691803,24785.75217365845,56.52023016786628,19.62429828555053
10660,-16083.246841232758,5729.114685204759,25824.156087486208,50.64259365068518,17.595209890765126
10670,-15180.820960046529,11511.829412307921,21914.99424366381,59.535030170471714,23.38721024280597
10680,-17865.819517422264,13458.765684260085,22621.781764480358,58.96322013011564,10.051998348414218
10690,-13771.560816603609,10152.782423705306,22013.104468520898,58.70567426588584,18.244077691920786
10700,-12503.571281673656,8724.988522026908,21783.380870611283,52.15356077680529,23.150411044195106
10710,-17552.78456989379,8771.864471917359,22549.989418235746,55.05126212343018,28.660220377904125
10720,-15024.108933676293,7851.226971703338,25879.23011528229,50.93963958467045,15.62775864425468
10730,-16399.130862201207,8858.508616487636,24676.61437637333,58.03714100655984,25.32397303148767
10740,-16119.554002003848,8341.870144780387,26798.00009837092,48.4176536044025,14.563501146891175
10750,-10272.830022557911,9123.6124993965,26836.32985491256,56.17035942610343,25.02044508705476
10760,-14069.912232319408,11448.48081860234,22716.18796545606,57.47545015447377,22.428954551100595
10770,-17734.195362374492,11651.295943020723,25997.46066564913,57.65289924970223,15.033776754789002
10780,-18524.954726902968,9465.352371011832,23050.56776131502,53.51388206736721,19.86137703701664
10790,-14888.968511239593,5653.6668841774435,24478.998117873714,47.11228397306316,19.04401133814144
10800,-15979.988930278261,11403.42445603792,26682.99578002803,56.31027691952159,13.927096784887965
10810,-11270.71754723058,9904.930869076092,25760.06129623961,59.647797664325026,29.992754939782152
10820,-16091.023260084352,5949.113615582856,23453.60129835644,48.827669690172016,8.9221692994988
10830,-13491.84936746887,10691.897554146286,26031.19167498462,49.85294738045524,22.284905791589324
10840,-12097.970944952307,8796.541166821753,28958.124657450066,57.99429629873733,19.2697934260685
10850,-17373.07522796757,10899.600838753777,29240.756316768402,67.17971911538227,17.993814333930693
10860,-11066.34832509521,12800.014327413126,24912.624537200765,58.42077995166746,17.718850472783654
10870,-15369.667566587055,4797.713701038834,26503.904917262542,53.7716502017828,23.020135943169844
10880,-15264.176022968939,11157.09938544895,23304.03223927324,43.20210631041856,28.929777788927556
10890,-15838.565362077936,10269.142142312448,26986.269620402185,41.106543343382576,20.207239112119783
10900,-15342.070207827866,9193.904167595472,23527.706624957835,50.70310328300559,19.71095437159087
10910,-13757.92716103062,13908.079690268874,23466.41288014685,61.54595675620325,14.328550543608598
10920,-19101.17281133039,10484.221676870633,24736.915548682737,58.84080094889002,22.714085297766992
10930,-14272.104107482692,9458.909288307133,27926.380649690927,62.41471347670125,22.839604863316303
10940,-11476.184318946098,8073.435988162359,26219.088321451418,56.57141566127976,15.813876363360128
10950,-12793.527945436708,11550.891884039307,24039.225986409816,50.32149429045185,21.519426880447675
10960,-14168.653952410092,13059.38716242502,26158.36899823389,59.78714395101145,30.060459812547222
10970,-15494.533361681539,12313.062904126142,26377.17731938171,51.31675659625742,15.751972971431247
10980,-14957.00425000069,12229.274666826082,26188.639540169257,48.13882529536195,22.18160636626546
10990,-14883.682204053679,9048.286543894654,24027.318025089124,59.69674665974183,22.60088095891321
11000,-16029.009494462302,10542.954491765402,24488.949786209054,54.92074071406616,23.99045301388061
11010,-16317.833004108505,12388.147206237734,28462.833585484485,53.721840936326906,16.538689136470236
11020,-16373.375028208126,10076.346185347093,24227.94600032402,50.17092506942129,22.101604047042454
11030,-14470.476129360042,12404.80628911779,24219.603385200135,57.61372367823033,13.987404654877729
11040,-15053.392816734811,8718.949819404781,25705.711042334107,51.4231742264459,22.451014970751324
11050,-14800.961158132752,9038.685688584013,26299.412840565303,42.28447690416339,23.238414653410313
11060,-15867.631584045077,8907.604154419232,29499.678626767945,56.54552849440397,13.739377399762205
11070,-15669.366117464408,8738.225814497971,24980.600349816,55.09795710225224,17.36373664409419
11080,-13790.153526175349,9487.612849736024,23166.59142992592,55.137521269512845,17.245735962931413
11090,-15136.760266851144,8840.775082989127,26483.557520351424,52.4055468923616,15.593489073488294
11100,-16671.770763582834,11552.642364275727,24104.474929098033,67.45862568291761,22.745434597774672
11110,-15287.89730343362,10785.398902730089,27323.083609666126,67.98771618179677,14.804306523887266
11120,-11901.036676990518,8481.811244344428,26466.419916322004,54.686330752895664,18.332265224480295
11130,-13530.572747977676,9920.681841934556,22397.85178030834,60.70105996581473,24.391284866053233
11140,-15595.454523713057,13744.45362605483,22783.495479409416,54.953478683304766,24.54379362704163
11150,-16362.844202966271,10046.642126819052,27117.808733038328,61.73703642015549,19.65692204234004
11160,-12556.765636653994,9756.638016121322,22859.908381313868,63.39429275689001,11.146028737549598
11170,-13993.571700366494,6533.074650003695,22235.145136017185,50.006733792610476,20.22638606535384
11180,-14327.18616293155,11246.741000673082,22320.426574494868,46.10037224162723,26.633246375447577
11190,-15816.758688137386,11963.190852696998,26907.43384781439,58.05617770615015,19.927692785199504
11200,-15962.258043037595,9483.926119563284,31032.183739514978,62.25390959220195,15.726154153993985
11210,-22109.518540850964,11567.302709156345,22045.48738192113,46.436690630263506,18.88026625937919
11220,-16568.57534603973,7649.019984872593,22900.77067115307,50.024473109311955,17.472222748699522
11230,-18202.334393671368,11362.237271899096,24689.07968099307,58.674187704521714,11.639296191119952
11240,-12081.74013223903,9372.482635183631,27664.6947411165,61.13556659104673,20.771173018996045
11250,-18938.474825915087,9419.381013778668,28150.53617360395,69.4372599707527,21.088973964857477
11260,-13691.374730140318,9721.153780177374,26064.00796607961,58.33751476809315,16.00387690324978
11270,-16246.276077912218,5957.050675403803,23619.228938927947,67.94678432173448,13.239946892993496
11280,-13197.931232210518,9163.445700124521,22521.187395216497,56.27011712293297,19.733808490422206
11290,-12650.190319168434,14132.91255196118,24856.874525999192,57.12982919173206,17.496560135740605
11300,-15307.745283019207,8564.088965470526,27172.807565486793,60.33153295632297,26.830985029262138
11310,-16283.575525639215,10310.97241545034,24626.59115246051,59.44183556738325,22.792648399870917
11320,-14011.969151688141,9158.60814936075,21377.705387158294,52.7626926890785,14.893064109863293
11330,-13028.75975171304,8032.586256709115,23254.53637202203,52.29732321417506,11.28229051076441
11340,-15018.678359086274,13027.716479124692,29191.726291259016,49.698404373146836,24.542969507037043
11350,-15878.755984831812,12814.348951994496,25240.750567616433,54.29625895078229,23.749985311737575
11360,-13775.719384880811,10371.252687896242,26516.303896966194,53.47553638736075,23.79810519661861
11370,-16067.804871924302,11583.563824258665,24594.778515251495,60.97328394147481,4.93067808693718
11380,-17112.495530014934,11732.542384089144,24690.236807718986,60.85923619108591,15.65982637066005
11390,-15748.953880237055,13726.120133420798,24252.54144350607,54.247029148580914,16.74885347946357
11400,-10544.847262352327,12540.02541094511,25413.637610724658,49.176283902711596,22.33963099558084
11410,-14541.95430429666,14632.833554831272,21388.51402291471,55.51145833740185,18.27973656864947
11420,-17044.76234248277,10978.429914994345,27653.165844024446,57.723934709579886,23.208067466844952
11430,-15804.71531171838,6154.95688577182,23453.91503611929,57.590184401585745,14.247840016345098
11440,-12028.769249674373,8797.18401315676,25834.323286566185,52.70321805681396,24.98886372534828
11450,-16906.17833305941,13117.705173822598,22615.628864485578,59.28855289359872,24.49314293883745
11460,-13050.43217170551,8988.059134704916,25736.299171642422,53.79950753809474,15.00803964613516
11470,-16035.847883069933,9693.724572500743,27222.576415344072,45.19704260196684,17.73122447410136
11480,-12978.600862143865,10563.493416756597,24150.27933371702,48.800945748915666,16.616417882746504
11490,-12873.981695767625,7890.825383697826,26596.474407778795,51.59319815012608,23.797636656880314
11500,-15671.941080723243,12044.225009101583,24930.028537320635,56.256893364305085,23.19363628906511
11510,-14583.58768534948,12072.560900318298,22227.013891724186,54.92644772667965,18.744839858947085
11520,-16739.570702439938,10798.229282885524,26770.976213926373,52.072440594467835,15.372164574849126
11530,-20309.380427160875,12690.742423778325,27683.305317274677,59.17465061613087,25.275369462411646
11540,-13657.634763268983,10609.266040093826,22837.023816235487,58.0651259548165,22.65852254560696
11550,-14904.97068623039,14169.626842729718,24893.176814268238,52.34837037502076,24.78792515852163
11560,-15193.772370483766,9809.455080727881,23836.71523405081,57.32772505836288,14.617324297993633
11570,-14581.428781947265,14184.526239685107,25005.100628445634,60.63792608031743,16.78794484135841
11580,-14847.68602774781,11835.402366194729,22658.195662502872,64.04568583573146,17.636175790885847
11590,-14163.154832707301,12596.178590389627,20631.22978192712,57.806372139266514,26.7428128461426
11600,-12400.196439049301,9187.723817602751,23742.29939722665,57.69034782191286,18.173703483194583
11610,-14769.046840184237,7172.502418567395,24440.5965347064,48.4539925765618,24.109563736244024
11620,-17106.314818737377,8115.333014900519,25449.590300618638,62.96243206015725,22.69504034402906
11630,-14108.028653694593,11940.233273208425,26420.305069641858,59.98769644116237,20.399000644579914
11640,-14585.381766823279,13011.5533581667,28219.16813197136,45.749419720092,12.739499521594169
11650,-12738.866162884533,9666.683314221384,25548.771183191482,53.84144421998166,17.35303972312745
11660,-16113.14339196249,9308.07694055952,25847.793334641538,65.14257915730371,12.338609897563678
11670,-14057.591062552223,12034.418400408897,23935.637246985894,55.54360994587941,13.081704853096909
11680,-15634.505121910044,12104.451370440369,22064.140968000906,56.60687826822618,29.344399530809177
11690,-14137.121997854658,9745.234000278184,22964.575441376444,55.75872498707656,18.928633556343982
11700,-16501.54157952279,9933.631974468024,23776.17151314241,54.12476044511925,23.61734969069028
11710,-15678.576965421238,9691.986439235252,26087.4551991119,59.40446212679056,22.268217688076227
11720,-16628.308727379434,7426.688000950814,24140.6837083387,53.2980391951052,16.643608758815475
11730,-15936.849445969461,6066.974665743136,28570.607631586732,56.40038456524715,24.104117313794497
11740,-13961.03523550527,9651.05446316202,25284.442499373396,54.22879646951243,13.172054355449227
11750,-15125.197770536777,8390.076539636182,25296.791537846297,59.254914710057726,18.73248913622106
11760,-17119.990236219808,7565.097416890567,21584.322069576087,54.179798194029416,21.73140131279508
11770,-20139.850417928006,8334.566552285938,27791.11287825843,50.59081905762084,12.180382200948312
11780,-12022.524246956538,5188.905114624507,23980.808891969304,54.42593607520545,21.533411309877906
11790,-14015.910088041188,14161.421047949723,24762.459413374476,41.72678459770713,18.130346059650876
11800,-15960.98504716823,9540.19183683984,24276.25009396225,49.225909490673544,21.587743758418423
11810,-14911.469521257572,10139.742175984986,26841.512820928492,52.498814663642634,23.516251657644
11820,-15818.861196281747,8954.255855149697,26266.599500250017,60.74604982223165,28.437542575612966
11830,-14572.574191949489,11809.587185981172,22164.9152530378,54.19102649926031,22.52248184808154
11840,-18721.417381915686,12883.199536919012,23004.95965256362,52.334733064130994,22.653188192915433
11850,-14975.147929403776,10870.890392783935,27460.1829451924,54.3280164159755,23.697838727442413
11860,-15350.698054917862,11002.760633626858,25238.117750827154,52.76852223912618,30.64394414853627
11870,-16670.048020091293,12124.408537274356,22769.39614823854,54.23237872274919,19.186598447482485
11880,-9675.165745213333,8428.969498918184,27796.75151304809,59.83049059129777,21.897376040707268
11890,-15804.701764066322,10801.582261490661,27349.894993028774,50.412139999674274,19.77370313841154
11900,-14807.34431637636,10327.417531484047,27040.246266093865,63.300371024181935,28.005965911379395
11910,-14581.273787618382,10148.05779612468,24176.96301075105,62.13933611348884,21.035188250587858
11920,-18082.278404403136,10725.668294643678,23617.026636589926,50.89187630282199,22.207494044804264
11930,-15978.008688301645,10299.302514050021,26217.11038051174,56.147633450661345,13.774263330843457
11940,-17768.136410445193,10763.243618721737,25511.54331461746,52.72259584695344,10.08729275529735
11950,-14985.013616529532,10036.352240985963,24135.2378176294,65.67305771092609,26.066784617228578
11960,-16949.654677874572,6363.121856103631,23416.35525669726,63.32212253194782,20.764884886574205
11970,-16231.027591663984,8311.154696803102,25895.500672076723,53.227851372461,18.598823685471178
11980,-16294.515120746019,6883.4493423645345,25043.434680276365,62.9148425425003,27.531417786708822
11990,-16114.50657660396,9672.564920402057,24921.809956500627,56.52345095904305,26.39829522465744
12000,-15475.478569257046,11118.980279484505,24420.207107909617,52.91003582902509,16.811944575403274
12010,-14412.206276779089,11382.58420998049,26264.196459868508,66.41954527210434,16.336675264832056
12020,-12738.060683708216,6596.586932771257,25548.234203880536,54.358739355748035,21.099196928696156
12030,-12492.401739924404,12367.057478592804,22798.78432941337,53.01104885162467,13.46591090391021
12040,-12318.745902062336,10506.796044383385,25629.814457379627,62.27186318629796,24.585473274915078
12050,-16722.76643388991,10431.184980940117,24352.447859990407,51.63117615747565,13.923117103341038
12060,-16306.831184109824,8023.637088800992,27732.98980986982,55.55435953195111,15.729100579945307
12070,-15333.006857128956,8829.618086602108,24113.357591166845,57.469226764299584,18.908286308939363
12080,-17442.830716121945,11975.419952246282,24754.831055573828,53.026192783409876,28.47509001187224
12090,-13734.366394335926,7184.803406188388,25421.510738097935,57.64984447092537,38.29600607340409
12100,-14411.340751045263,10258.156292834872,20850.305015867383,59.97413369512698,26.47212017883947
12110,-15044.13168230237,13249.522268745464,22386.74521265082,57.47612792684213,14.956980494009194
12120,-18761.274975874414,10172.82969921951,26898.289834583113,55.91310360666411,14.927766075372656
12130,-15416.317162412035,12097.168481851426,25957.834833895995,54.85990248256055,16.46481123340235
12140,-8883.594807818623,15242.216829257835,23509.75413663931,53.48455255107526,14.160159021317783
12150,-15091.666995268446,8181.4716814853855,20687.00539633857,54.062716283364935,13.609609544135019
12160,-16577.407456906236,13073.039927028622,28410.815411968073,53.77752394966177,24.03850399511132
12170,-15386.16977980188,9963.16604412712,25164.04250309756,49.80144091010474,14.275822799352694
12180,-15366.670335073428,10858.099544363327,27469.793931647753,59.36050616499427,22.6859086145487
12190,-14475.135444106716,11837.573437065907,28503.246081807545,56.210614785798455,20.660196174258537
12200,-13612.884531258103,9405.342406995062,25385.7086118163,58.026949686700725,21.33788097333045
12210,-11947.481016056632,9425.760028247867,23247.258953351014,57.905675877273794,21.682702675636886
12220,-13325.643531617177,10457.83086639413,28401.23084463923,56.71416258657888,27.20509435706422
12230,-14283.820840398363,12939.109773021391,27286.71050993431,56.08324281350913,25.51768995010667
12240,-17005.67102130927,8408.12878975235,23302.63489534246,54.03047597742668,26.01363487602172
12250,-15865.33810155987,10647.411111500665,25131.678333046086,55.436432750943155,25.849876557586736
12260,-16014.986173551933,11491.480389526736,23974.902193325153,50.27492758626401,16.314446976749107
12270,-14113.9483334571,7750.300063337303,26241.332232863166,58.369462073507286,18.69194714910125
12280,-20525.142753481538,6594.275106499723,20699.04962702477,55.179206161515964,19.034749355027937
12290,-14812.96324874878,9121.670969637209,24607.80223267211,56.49136085003541,6.42351512501339
12300,-17883.927185977846,7765.309924251216,24450.950173540885,47.976872454670286,21.462447615156492
12310,-17684.116227533086,8548.069283324221,26691.45539121195,58.65177283524215,21.13357299931052
12320,-15768.044920104674,9302.993346682731,25521.431607011607,57.44301686724132,27.435301165430303
12330,-15665.81153555072,8667.189352009029,24871.4145004291,56.903870256926965,27.109812342621368
12340,-13068.599835904044,10928.748669060195,25284.651944250767,55.83397925619612,20.71038879254843
12350,-15094.070815323264,8845.61641563578,27074.093538651345,55.69852854351808,19.699788290987463
12360,-11499.883199423404,9051.57230802421,25922.820541960376,55.774075820435534,16.735218814427615
12370,-14432.679419942298,11043.05184126232,29075.12124307493,56.32123911962317,24.036696434118696
12380,-16648.009639861142,10291.897075738176,21507.82098477179,59.6862113822014,21.429957178252064
12390,-13384.23313378585,6147.5754087145915,26616.76877413748,53.095024688745994,14.855394909256313
12400,-18712.693953983242,13049.102036956578,23943.158474682605,52.84290522585151,22.490110468244737
12410,-13480.860269725577,10022.550729664063,26762.444716624825,55.586478250727595,26.008690731174447
12420,-14832.688220548807,11369.100881147942,24537.4817189678,52.96286837953086,20.920541631282283
12430,-14699.667303496737,9904.40963884364,26075.077861340604,53.377088074400326,19.456266510694725
12440,-13527.861141745125,7512.39728149557,22002.780355120933,49.28002604583032,14.22168527969689
12450,-12835.481993459449,9281.463343946845,23991.414053850447,53.34046307458763,13.709118712999278
12460,-17845.509945437232,5346.799854591628,22340.59456547799,61.07654781728879,13.880319395388742
12470,-13462.927702119532,15993.325541995351,24198.979336985918,54.279272050484735,14.008850099709953
12480,-16118.364924740592,10089.17056158463,22499.87659727755,48.8188135711386,21.13724448519142
12490,-13849.658321379786,10605.660825925863,23482.471145844098,53.600502855125114,20.54701401163784
12500,-20075.48973129369,9670.454365359243,26141.202806192916,48.86857591017596,20.172533829851552
12510,-13374.959400916494,9199.307343139584,25439.222945571113,56.83681743804286,19.67470036757135
12520,-16836.412288037747,8622.44508898162,25353.795028489672,51.30991411093033,25.170196587880405
12530,-9942.30259028549,6293.050689593989,24700.295426971155,61.85694363471965,14.582708614648325
12540,-14915.852324791944,9035.534094164157,22208.632916678474,59.43021217787325,26.48545787402125
12550,-15136.22952564465,10905.366091245922,24820.348536257465,47.891599078022175,22.8690447808806
12560,-16821.058326740407,7366.344882233559,25070.054270499695,57.654580730932,24.95767429616132
12570,-14768.584719586897,12610.958982627213,23165.87104578824,54.17057002806856,29.353207027163442
12580,-14620.582447260253,9342.814651418934,23226.202113561787,60.022766970989395,26.788635908703206
12590,-15038.305894888661,9767.095569656756,26222.444917345085,57.070385111746866,20.808995417988733
12600,-15503.112521657029,11472.14631787324,25877.616094757777,53.20793688495152,13.614871639078935
12610,-13590.995296270386,9627.020341751724,26078.847742773713,55.3790716927789,29.146996033207536
12620,-13731.745307416797,10344.864722554577,25088.41784496904,50.81047748568188,14.752466711750003
12630,-13934.14170165094,7183.413547665014,23486.946347885903,48.87249372690583,9.540267164705812
12640,-15378.060534939994,7554.2456067704725,29348.6912344708,54.22987605565763,18.78252204682029
12650,-14130.89375016702,10528.30608933738,23374.341905671237,44.32278201372038,18.889707851758736
12660,-14059.190238412304,7131.278685053678,26650.079418048073,48.55134432387594,20.054669883467636
12670,-13630.873844972812,13254.162472313346,23392.946231986458,45.28124709573265,31.587879018096274
12680,-11733.433427073789,9318.715478952183,24148.309292206894,62.665417328516526,16.05429506264953
12690,-15824.785630721117,8893.685240020799,24368.31741175774,57.146810898086635,22.60722657115475
12700,-13898.717846860363,12622.412914517046,25635.58598881662,53.04664924862084,24.815956155303102
12710,-16183.619395284266,9393.178876264672,28988.24212811228,56.13244355744072,17.395963595870676
12720,-15679.138861301057,12130.207160313614,27536.439000749444,55.01118003179693,27.555393202503193
12730,-13431.06342977097,7453.300322647591,29585.81672914473,57.82190117775468,24.587377991320395
12740,-12927.239814009254,9305.210139686093,25952.972927317842,60.089120847408985,16.163026976648133
12750,-13308.255923282419,11928.824266188329,28369.526206629227,50.13448095364291,23.51164604074652
12760,-14334.568877655132,9897.246857171805,24880.400931754524,49.713404274061546,14.138737629232075
12770,-14643.66254746716,6394.418090580308,23451.999383222057,50.41915366337568,19.550408157488654
12780,-12427.617440976612,10123.587002707227,23400.72132196713,55.70763246616769,22.604497934073486
12790,-14668.175985945463,7896.227870530013,26612.730884084063,49.61598032915874,17.316724129337487
12800,-15467.65334960653,7414.370367645917,22393.55430647951,63.23280737711463,30.11196748003666
12810,-13790.107690574134,11750.978180927266,21373.650898996686,54.075939401731404,21.967978838105292
12820,-16877.245729910388,13051.772528266205,27849.220411489056,64.2048366898375,20.14215961992992
12830,-15675.55532117154,13300.53890523643,23828.6179718457,54.607031645233285,20.3722940979189
12840,-13828.64738209216,9717.537770774918,26524.98280857436,49.538644565563615,19.387868199234596
12850,-13068.964625740775,7983.451359430301,28887.91029059828,48.71303256458044,14.32834637733464
12860,-17233.289924861347,9617.562634515598,23834.05413316586,55.067890071543836,13.343458809811153
12870,-15033.066593150696,8554.737960507595,23977.758064992126,64.83300463419926,14.074910243304908
12880,-14860.216048672204,11724.136986338814,27976.0778766528,50.54866414905991,21.340235637524184
12890,-14217.308072126849,11300.505195669364,25303.411211101084,48.70826424204554,15.472808935199597
12900,-14268.074590607655,7231.5971054771235,27763.016616946858,47.86699654708964,27.410493831949246
12910,-17810.907035747663,7719.8370412679305,25123.94825936638,53.57857942781818,16.843402624318177
12920,-11206.122142604356,11419.774687912772,22879.225110698106,49.540533623410425,9.886844697372306
12930,-14698.169991753413,8420.352501057236,23855.053721490985,51.64654322424001,20.19363388368685
12940,-18168.569343535786,7822.006233394539,26739.617285983197,58.42092607808853,15.337210910887656
12950,-15353.043443155595,9975.056125677973,27023.823752637625,55.79750327819873,17.03645512512635
12960,-18191.805837767,11594.46418516876,27975.113057620696,55.38543056594214,23.633344547019508
12970,-13745.30007071677,9734.678649445877,27636.31903952069,68.03816394769409,20.059764565322023
12980,-12771.141873310815,12633.103438380847,24132.673846972477,57.84259468749824,25.216084514644752
12990,-11920.857753203865,11522.207650788789,28475.28131362418,61.99340897331866,20.36162756129683
